,,Day 1 (Mon),,,,,Day 2 (Fri),,,,,,,
March,,,,,,,,,,,,,,
,,,,,,,,,,,,,,
Primary/Horizontal,Date,,Session Length,Completed,,Date: ,,Session Length,Completed,,,,,
Goblet Squat to Box,3/24/2026,,60min,,,3/26/2026,,60min,,,,,,
Hinge,,SETS,REPS,LOAD,,MOVEMENT,SETS,REPS,LOAD,,,,,
Lunge,WARM UP,,,,,WARM UP,,,,,,,,
Push Horizontal,FR - T Spine,1,60s,na,,FR - T Spine,1,60s,na,,,,,
Pull Horizontal,Cat/Cow,1,10,na,,Cat/Cow,1,10,na,,,,,
OH Carry,90/90,1,10,na,,90/90,1,10,na,,,,,
Supermans,Half Kneeling - Rot.,1,10,na,,Leg Lift to Rotation,,,,,,,,
,WORKING SETS: STRENGTH,,,,,WORKING SETS: STRENGTH,,,,,,,,
,Lat Pull Down - SA,3,10ea,25lbs,,Bench Press - DB,3,8-10,25,,,,,
Supplement/Vertical,Strict Shoulder Press,3,10,12.5lbs,,Soft Tissue -Trap,2,60s Ea,,,,,,
Squat Sup,DB RDLs,3,10,30lbs,,Reverse Lunge,3,6ea,,,,,,
Bridge Walk Outs,,,,,,,,,,,,,,
Lunge Sup,WORKING SETS: STRENGTH ,,,,,WORKING SETS: STRENGTH ,,,,,,,,
Push Vertical,Slight Incline Press - DB,3,10,12.5lbs,,Bridge Walk Outs,3,10,,,,,,
Pull Vertical,Low Cable Row,3,10ea,22lbs,,Tricep Extension - SA,3,8ea,,,,,,
Planks,- SA,,,,,Pallof Hold,3,30s Ea,,,,,,
Cardio,Cable Curl,3,12,15lbs,,,,,,,,,,
,WORKING SETS: AUXILIARY,,,,,WORKING SETS: AUXILIARY,,,,,,,,
Additional,,,,,,,,,,,,,,
Mobility,,,,,,,,,,,,,,
Olympic Lifts,,,,,,,,,,,,,,
Stability,,,,,,,,,,,,,,
Sets,CARDIO,,,,,CARDIO,,,,,,,,
Reps,,,,,, ,,,,,,,,
Tempos,,,,,,,,,,,,,,
Weight,,,,,,,,,,,,,,
%,,,,,,,,,,,,,,
,,,,,,,,,,,,,,
,,,,,,,,,,,,,,
Primary/Horizontal,Date,,Session Length,Completed,,,,,,,,,,
Goblet Squat to Box,3/31/2026,,60min,,,,,,,,,,,
Hinge,MOVEMENT,SETS,REPS,LOAD,,,,,,,,,,
Lunge,WARM UP,,,,,,,,,,,,,
Push Horizontal,FR - T Spine,1,60s,na,,,,,,,,,,
Pull Horizontal,90/90,1,10,na,,,,,,,,,,
OH Carry,Half Kneeling - Rot.,1,10,na,,,,,,,,,,
Tricep Pushdown,,,,,,,,,,,,,,
,WORKING SETS: STRENGTH,,,,,,,,,,,,,
,Chest Slam,3,6,10lbs,,,,,,,,,,
Supplement/Vertical,Floor Press,2,10,15,,,,,,,,,,
Squat Sup,Lateral Step Up,3,7-8ea,12.5,,,,,,,,,,
Hinge Sup,,,,,,,,,,,,,,
Lunge Sup,WORKING SETS: STRENGTH ,,,,,,,,,,,,,
Push Vertical,High Plank Shoulder Taps,3,30s,bw,,,,,,,,,,
Pull Vertical,Sumo Deadlift,3,8,30lbs,,,,,,,,,,
Planks,Z Press,3,10ea,4kg,,,,,,,,,,
Cardio,,,,,,,,,,,,,,
,WORKING SETS: AUXILIARY,,,,,,,,,,,,,
Additional,Glute Kickbacks - Cable,2,15ea,8-16.5lbs,,,,,,,,,,
Mobility,DB Hammer Curl,2,10,9lbs,,,,,,,,,,
Olympic Lifts,,,,,,,,,,,,,,
Stability,,,,,,,,,,,,,,
Sets,CARDIO,,,,,,,,,,,,,
Reps,,,,,,,,,,,,,,
Tempos,,,,,,,,,,,,,,
Weight,,,,,,,,,,,,,,
%,,,,,,,,,,,,,,
April,,April,,,,,,,,,,,,
,,,,,,,,,,,,,,
Primary/Horizontal,Date: ,,Session Length,Completed,,,,,,,,,,
Goblet Squat to Box,4/2/2026,,60min,,,,,,,,,,,
Hinge,MOVEMENT,SETS,REPS,LOAD,,,,,,,,,,
Lunge,WARM UP,,,,,,,,,,,,,
Push Horizontal,FR - T Spine,1,60s,na,,,,,,,,,,
Pull Horizontal,90/90,1,10,na,,,,,,,,,,
OH Carry,Half Kneeling - Rot.,1,10,na,,,,,,,,,,
Tricep Pushdown,,,,,,,,,,,,,,
,WORKING SETS: STRENGTH,,,,,,,,,,,,,
,Lat Pull Down - SA,3,8-10,20lbs,,,,,,,,,,
Supplement/Vertical,Walking Lunges,3,7ea,BW,,,,,,,,,,
Squat Sup,Elbow Plank,3,30s,,,,,,,,,,,
Hinge Sup,,,,,,,,,,,,,,
Lateral Split Squat,WORKING SETS: STRENGTH ,,,,,,,,,,,,,
Push Vertical,Mini Band Glute Med Drills,3,10ea,,,,,,,,,,,
Pull Vertical,Rower,3,45s,,,,,,,,,,,
Planks,Farmer's Carry,3,45s,,,,,,,,,,,
Cardio,,,,,,,,,,,,,,
,WORKING SETS: AUXILIARY,,,,,,,,,,,,,
Additional,Glute Kickbacks - Cable,2,15ea,8-16.5lbs,,,,,,,,,,
Mobility,,,,,,,,,,,,,,
Olympic Lifts,,,,,,,,,,,,,,
Stability,,,,,,,,,,,,,,
Sets,CARDIO,,,,,,,,,,,,,
Reps,,,,,,,,,,,,,,
Tempos,,,,,,,,,,,,,,
Weight,,,,,,,,,,,,,,
%,,,,,,,,,,,,,,
,,,,,,,,,,,,,,
,,,,,,,,,,,,,,
,Date,,Session Length,Completed,,Date: ,,Session Length,Completed,,,,,
,4/7/2026,,60min,,,4/14/2026,,60min,,,,,,
,MOVEMENT,SETS,REPS,LOAD,,MOVEMENT,SETS,REPS,LOAD,,,,,
,WARM UP,,,,,WARM UP,,,,,,,,
,FR - T Spine,1,60s,na,,FR - T Spine,1,60s,na,,,,,
,90/90,1,10,na,,90/90,1,10,na,,,,,
,Half Kneeling - Rot.,1,10,na,,Half Kneeling - Rot.,1,10,na,,,,,
,,,,,,,,,,,,,,
,WORKING SETS: STRENGTH,,,,,WORKING SETS: STRENGTH,,,,,,,,
,Assisted Pull-Up,3,4,100,,DB Alt Shoulder Press,3,8ea,12.5lbs,,,,,
,Bench Press - DB,2,10,15,,Hex Bar Squat,3,8-10,95,,,,,
,Walking Lunges,3,7-10ea,10lbs,,High Plank Shoulder Taps,3,30s,,,,,,
,,,,,,,,,,,,,,
,WORKING SETS: STRENGTH ,,,,,WORKING SETS: STRENGTH ,,,,,,,,
,Physio Ball Curls,3,10,95,,,,,,,,,,
,Tricep Pushdown,3,10,35,,Curtsy Lunges,2,7ea,15lbs,,,,,
,Y's and A's,3,8-10,BW,,- Lateral Step Up,,,,,,,,
,,,,,,Alt Gorilla Row,2,8ea,25lbs,,  ,,,
,WORKING SETS: AUXILIARY,,,,,WORKING SETS: AUXILIARY,,,,,,,,
,,,,,,,,,,,,,,
,,,,,,,,,,,,,,
,,,,,,,,,,,,,,
,,,,,,,,,,,,,,
,CARDIO,,,,,CARDIO,,,,,,,,
,,,,,,,,,,,,,,
,,,,,,,,,,,,,,
,,,,,,,,,,,,,,
,,,,,,,,,,,,,,
,,,,,,,,,,,,,,
,,,,,,,,,,,,,,
,,,,,,Date: ,,Session Length,Completed,,,,,
,,,,,,4/23/2026,,60min,,,,,,
,,,,,,MOVEMENT,SETS,REPS,LOAD,,,,,
,,,,,,WARM UP,,,,,,,,
,,,,,,Foam Roll - T Spine,1,60s,na,,,,,
,,,,,,90/90,1,10,na,,,,,
,,,,,,Sit ups,1,10,na,,,,,
,,,,,,,,,,,,,,
,,,,,,WORKING SETS: STRENGTH,,,,,,,,
,,,,,,Lat Pull Down - SA,3,8-10,20lbs,,,,,
,,,,,,Back Squat,3,8,75lbs,,,,,
,,,,,,Rest,,,60s,,,,,
,,,,,,,,,,,,,,
,,,,,,WORKING SETS: STRENGTH ,,,,,,,,
,,,,,,Slight Incline Press - BB,3,7ea,15,,,,,
,,,,,,- Alt.,,,,,,,,
,,,,,,Tricep Pushdown,3,10,4.5lbs,,,,,
,,,,,,,,,,,,,,
,,,,,,WORKING SETS: AUXILIARY,,,,,,,,
,,,,,,Airplane Hinges,3,8-9ea,,,,,,
,,,,,,Walking,3,2m,5 Inc/3.8 Spd,,,,,
,,,,,,,,,,,,,,
,,,,,,,,,,,,,,
,,,,,,CARDIO,,,,,,,,
,,,,,,,,,,,,,,
,,,,,,,,,,,,,,
,,,,,,,,,,,,,,
,,,,,,,,,,,,,,
May,,,,,,,,,,,,,,
,,,,,,,,,,,,,,
,Date: ,,Session Length,Completed,,Date: ,,Session Length,Completed,,,,,
,5/5/2026,,60min,,,5/7/2026,,60min,,,,,,
,MOVEMENT,SETS,REPS,LOAD,,MOVEMENT,SETS,REPS,LOAD,,,,,
,WARM UP,,,,,WARM UP,,,,,,,,
,FR - T Spine,1,60s,na,,Foam Roll - T Spine,1,60s,na,,,,,
,90/90,1,10,na,,90/90,1,10,na,,,,,
,Half Kneeling - Rot.,1,10,na,,Sit ups,1,10,na,,,,,
,,,,,,,,,,,,,,
,WORKING SETS: STRENGTH,,,,,WORKING SETS: STRENGTH,,,,5/12,5/28,,,
,DB Alt Shoulder Press,3,8ea,12.5lbs,,Hex Bar Squat,3,6,95>105lbs,8 / 95lbs x 4,8 / 95>105lbs,,,
,Hex Bar Squat,3,10 > 8,95-105,,TRX Row,3,20,,20 x 4 sets,#,,,
,Airplane Hinges,3,8-9ea,,,,,,,,,,,
,,,,,,,,,,,,,,
,WORKING SETS: STRENGTH ,,,,,WORKING SETS: STRENGTH ,,,,,,,,
,Landmine Rows,2,8ea,15lbs,,Lateral Split Squat,3,10ea,20lbs,#,#,,,
,Airplane Hinges,3,8-9ea,,,Sit Ups,3,15,,#,#,,,
,,,,,,DB Curls,3,8ea,12.5lbs,10 / 10 lbs,6 / 10lbs,,,
,,,,,,,,,,,,,,
,WORKING SETS: AUXILIARY,,,,,WORKING SETS: AUXILIARY,,,,,,,,
,High Plank Shoulder Taps,3,20-30s,,,Airplane Hinges,3,8-9ea,,12.5,10 / 20lbs,,,
,Sit Ups,3,10,,,Walking,3,2m,5 Inc/3.8 Spd,5/5.0,,,,
,Machine Hamstring Curls,3,10-12,65-80lbs,,,,,,,,,,
,,,,,,,,,,,,,,
,CARDIO,,,,,CARDIO,,,,,,,,
,,,,,,,,,,,,,,
,,,,,,,,,,,,,,
,,,,, ,,,,,,,,,
,,,,,,,,,,,,,,
,,,,,,,,,,,,,,
,,,,,,,,,,,,,,
Primary/Horizontal,Date,,Session Length,Completed,,Date,,Session Length,Completed,5/26,,,,
Goblet Squat to Box,5/14/2026,,60min,,,5/15/2026,,60min,,,,,,
Hinge,,SETS,REPS,LOAD,,MOVEMENT,SETS,REPS,LOAD,,,,,One to One
Lunge,WARM UP,,,,,WARM UP,,,,,,,,One to One
Push Horizontal,FR - T Spine,1,60s,na,,FR - T Spine,1,60s,na,,,,,One to One
Pull Horizontal,Cat/Cow,1,10,na,,90/90,1,10,na,,,,,Buddy
OH Carry,90/90,1,10,na,,Half Kneeling - Rot.,1,10,na,,,,,
Tricep Pushdown,Half Kneeling - Rot.,1,10,na,,,,,,,,,,
,WORKING SETS: STRENGTH,,,,,WORKING SETS: STRENGTH,,,,,,,,
,Reverse Lunge,1,8ea,30lbs,,Goblet Squat to Box,3,10,25lbs,15 / 25l s,,,,
Supplement/Vertical,- BB,1,8ea,40lbs,,Renegade Rows,3,45s,18lbs,10 each / 15lbs,,,,
Squat Sup,,1,8ea,50lbs,,Hollow Hold,3,20s,bw,30s,,,,
Hinge Sup,,1,8ea,55lbs,,,,,,,,,,
Lunge Sup,WORKING SETS: STRENGTH ,,,,,WORKING SETS: STRENGTH ,,,,,,,,
Push Vertical,Bent Over BB Row,3,14,17.5lbs,,Airplanes - Cable,2,5-6ea,Lowest,10 / 20lbs,airplane hinge ,,,
Pull Vertical,Lateral Lunge,3,10ea,25lbs,,DB Alt Shoulder Press,3,15,4kg,15 / 10lbs,,,,
Planks,Supermans,3,10,BW,,DB Hammer Curl,2,10,9lbs,15 / 5lbs,,,,
Cardio,,,,,,,,,,,,,,
,WORKING SETS: AUXILIARY,,,,,WORKING SETS: AUXILIARY,,,,,,,,
Additional,DB Hammer Curl,3,10,20,,,,,,,,,,
Mobility,Walking,3,2m,5 Inc/3.8 Spd,,,,,,,,,,
Olympic Lifts,,,,,,,,,,,,,,
Stability,,,,,,,,,,,,,,
Sets,CARDIO,,,,,N/A,,,,,,,,
Reps,,,,,,High Plank Shoulder Taps,3,60s,15lbs,60s,,,,
Tempos,,,,,,Sumo Deadlift,3,8,20lbs,15 / 26lbs,,,,
Weight,,,,,,DB Alt Shoulder Press,3,15,4kg,,,,,
%,,,,,,,,,,,,,,
,,,,,,,,,,,,,,
June,,,,,,,,,,,,,,
,,,,,,,,,,,,,,
Primary/Horizontal,Date,,Session Length,Completed,,Date: ,,Session Length,Completed,,,,,
Goblet Squat to Box,6/3/2026,,60min,,,6/5/2026,,60min,,,,,,
Hinge,,SETS,REPS,LOAD,,MOVEMENT,SETS,REPS,LOAD,,,,,
Curtsy Lunges,WARM UP,,,,,WARM UP,,,,,,,,
Push Horizontal,FR - T Spine,1,60s,na,,FR - T Spine,1,60s,na,,,,,
Pull Horizontal,Cat/Cow,1,10,na,,90/90,1,10,na,,,,,
OH Carry,90/90,1,10,na,,Half Kneeling - Rot.,1,10,na,,,,,
Tricep Pushdown,Half Kneeling - Rot.,1,10,na,,,,,,,,,,
,WORKING SETS: STRENGTH,,,,,WORKING SETS: STRENGTH,,,,,,,,
,SA FR Squat,3,10,25lbax2,,DB Alt Shoulder Press,3,8ea,12.5lbs,,,,,
Supplement/Vertical,-DB/KB,,,,,Hex Bar Squat,3,8-10,95,,,,,
Squat Sup,Pull Vertical,3,10,30lbs,,Airplane Hinges,3,8-9ea,,,,,,
Hinge Sup,,,,,,,,,,,,,,
Lunge Sup,WORKING SETS: STRENGTH ,,,,,WORKING SETS: STRENGTH ,,,,,,,,
Push Vertical,Reverse Lunge - Ips,3,8ea,24kg,,Curtsy Lunges,2,10ea,20lbs,,,,,
Pull Vertical,Landmine Rows,3,10,30lbs,,,,,,,,,,
Planks,,,,,,Landmine Rows,2,8ea,15lbs,,,,,
Cardio,,,,,,,,,,,,,,
,WORKING SETS: AUXILIARY,,,,,WORKING SETS: AUXILIARY,,,,,,,,
Additional,Hip Thrust,3,8,165,,High Plank Shoulder Taps,3,30s,,,,,,
Mobility,Banded Curl,3,10,20,,Sit Ups,3,15,,,,,,
Olympic Lifts,,,,,,,,,,,,,,
Stability,,,,,,,,,,,,,,
Sets,CARDIO,,,,, ,,,,,,,,
Reps,,,,,,,,,,,,,,
Tempos,,,,,,,,,,,,,,
Weight,,,,,,,,,,,,,,
%,,,,,,,,,,,,,,
,,,,,,,,,,,,,,
,,,,,,,,,,,,,,
,Date: ,,Session Length,Completed,,,,,,,,,,
,6/10/2026,,60min,,,,,,,,,,,
,MOVEMENT,SETS,REPS,LOAD,,,,,,,,,,
,WARM UP,,,,,,,,,,,,,
,FR - T Spine,1,60s,na,,,,,,,,,,
,90/90,1,10,na,,,,,,,,,,
,Half Kneeling - Rot.,1,10,na,,,,,,,,,,
,,,,,,,,,,,,,,
,WORKING SETS: STRENGTH,,,,,,,,,,,,,
,DB Alt Shoulder Press,3,8ea,12.5lbs,,,,,,,,,,
,Hex Bar Squat,3,8-10,95,,,,,,,,,,
,Airplane Hinges,3,8-9ea,,,,,,,,,,,
,,,,,,,,,,,,,,
,WORKING SETS: STRENGTH ,,,,,,,,,,,,,
,Curtsy Lunges,2,10ea,20lbs,,,,,,,,,,
,,,,,,,,,,,,,,
,Landmine Rows,2,8ea,15lbs,,,,,,,,,,
,,,,,,,,,,,,,,
,WORKING SETS: AUXILIARY,,,,,,,,,,,,,
,High Plank Shoulder Taps,3,30s,,,,,,,,,,,
,Sit Ups,3,15,,,,,,,,,,,
,,,,,,,,,,,,,,
,,,,,,,,,,,,,,
, ,,,,,,,,,,,,,
,,,,,,,,,,,,,,
,,,,,,,,,,,,,,
,,,,,,,,,,,,,,
,,,,,,,,,,,,,,
,,,,,,,,,,,,,,
,,,,,,,,,,,,,,
Primary/Horizontal,Date: ,,Session Length,Completed,,,,,,,,,,
Goblet Squat to Box,6/12/2026,,60min,,,,,,,,,,,
Hinge,MOVEMENT,SETS,REPS,LOAD,,,,,,,,,,
Curtsy Lunges,WARM UP,,,,,,,,,,,,,
Push Horizontal,FR - T Spine,1,60s,na,,,,,,,,,,
Pull Horizontal,90/90,1,10,na,,,,,,,,,,
OH Carry,Half Kneeling - Rot.,1,10,na,,,,,,,,,,
Tricep Pushdown,,,,,,,,,,,,,,
,WORKING SETS: STRENGTH,,,,,,,,,,,,,
,DB Alt Shoulder Press,3,10,15lbs,,,,,,,,,,
Supplement/Vertical,Hex Bar Squat,3,8-10,115,,,,,,,,,,
Squat Sup,Airplane Hinges,3,4ea,,,,,,,,,,,
Hinge Sup,,,,,,,,,,,,,,
Lunge Sup,WORKING SETS: STRENGTH ,,,,,,,,,,,,,
Push Vertical,Calf Raises - SL,2,10ea,15lbs,,,,,,,,,,
Pull Vertical,High Plank - Leg Lift,2,10ea,bw,,,,,,,,,,
Planks,Frog Pose + Reach,2,2 mins,,,,,,,,,,,
Cardio,,,,,,,,,,,,,,
,WORKING SETS: AUXILIARY,,,,,,,,,,,,,
Additional,,,,,,,,,,,,,,
Mobility,,,,,,,,,,,,,,
Olympic Lifts,,,,,,,,,,,,,,
Stability,,,,,,,,,,,,,,
Sets, ,,,,,,,,,,,,,
Reps,,,,,,,,,,,,,,
Tempos,,,,,,,,,,,,,,
Weight,,,,,,,,,,,,,,
%,,,,,,,,,,,,,,
,,,,,,,,,,,,,,
,,,,,,,,,,,,,,
,Date,,Session Length,Completed,,Date: ,,Session Length,Completed,,,,,
,6/18/2026,,60min,,,6/22/2026,,60min,,,,,,
,,SETS,REPS,LOAD,,MOVEMENT,SETS,REPS,LOAD,,,,,
,WARM UP,,,,,WARM UP,,,,,,,,
,FR - T Spine,1,60s,na,,FR - T Spine,1,60s,na,,,,,
,Cat/Cow,1,10,na,,90/90,1,10,na,,,,,
,90/90,1,10,na,,Half Kneeling - Rot.,1,10,na,,,,,
,Half Kneeling - Rot.,1,10,na,,,,,,,,,,
,WORKING SETS: STRENGTH,,,,,WORKING SETS: STRENGTH,,,,,,,,
,Back Squat,3,10,25lbs,,Military Press,3,10,15lbs,,,,,
,Jump Rope,,,,,SS RDLs,3,10ea,115,,,,,
,High Angle Cable Rows,3,10,30lbs,,Strecth - Hip Opener,3,1 min,,,,,,
,-SA,,,,,Front Squat,3,8-10,30lbs,,,,,
,WORKING SETS: STRENGTH ,,,,,DB Curl,3,10-12,10lbs,,,,,
,Contra Split Squat,3,9ea,14.5lbs,,Reverse Sit Ups,3,10,bw,,,,,
,Lat Pull Down,3,10,50lbs,,WORKING SETS: STRENGTH ,,,,,,,,
,- Close Grip,,,,,Leg Curl Machine,2,10-12ea,55lbs,,,,,
,,,,,,-SL,,,,,,,,
,WORKING SETS: AUXILIARY,,,,,,,,,,,,,
,Hip Thrust,3,8,165,,,,,,,,,,
,Banded Curl,3,10,20,,WORKING SETS: AUXILIARY,,,,,,,,
,Leg Extensions,3,15,55lbs,,,,,,,,,,
,,,,,,,,,,,,,,
,CARDIO,,,,,,,,,,,,,
,,,,,,,,,,,,,,
,,,,,,,,,,,,,,
,,,,,,,,,,,,,,
,,,,,,,,,,,,,,
,,,,,,,,,,,,,,
,,,,,,,,,,,,,,
,Date,,Session Length,To-Do,,,,,,,,,,
,6/26/2026,,60min,,,,,,,,,,,
,,SETS,REPS,LOAD,,,,,,,,,,
,WARM UP,,,,,,,,,,,,,
,FR - T Spine,1,60s,na,,,,,,,,,,
,Cat/Cow,1,10,na,,,,,,,,,,
,90/90,1,10,na,,,,,,,,,,
,Half Kneeling - Rot.,1,10,na,,,,,,,,,,
,WORKING SETS: STRENGTH,,,,,,,,,,,,,
,Reverse Lunge,1,8ea,30lbs,,,,,,,,,,
,- BB,1,8ea,40lbs,,,,,,,,,,
,,1,8ea,50lbs,,,,,,,,,,
,,1,8ea,55lbs,,,,,,,,,,
,WORKING SETS: STRENGTH ,,,,,,,,,,,,,
,Bent Over BB Row,3,14,17.5lbs,,,,,,,,,,
,Lateral Lunge,3,10ea,25lbs,,,,,,,,,,
,Supermans,3,10,BW,,,,,,,,,,
,,,,,,,,,,,,,,
,WORKING SETS: AUXILIARY,,,,,,,,,,,,,
,DB Hammer Curl,3,10,20,,,,,,,,,,
,Walking,3,2m,5 Inc/3.8 Spd,,,,,,,,,,
,,,,,,,,,,,,,,
,,,,,,,,,,,,,,
,CARDIO,,,,,,,,,,,,,